ID,Title,Location,Salary,Summary
https://kr.indeed.com/viewjob?jk=a6d9692dec21424c,[아이콘트롤스] 2020년 경력 직원 (기술연구소) 연구개발부문,현대산업개발 3.0 성남 분당구,,"3년 이상 - 프로그램 개발( Python, Java) 능력 보유 - 대용량... 이상 -오픈소스 기반 백엔드 개발자 -Spring, node.js, python 프레임워크를 활용한 서버 개발 역량 -AWS를 활용한 개발 유경험자..."
https://kr.indeed.com/viewjob?jk=f71d35f5dff01c45,Consultant - Identity & Security,Microsoft 4.2 대한민국,,"more... following: Azure PowerShell, CLI, Visual Studio, Python, Ruby or Terraform Identity: Designing and implementing..."
https://kr.indeed.com/viewjob?jk=25725b3c0e607311,Junior Quant Trader,Byzantine Partners 서울,,background is a plus Programming capability is mandatory (i.e. Python) Understanding of machine learning algorithm is a plus...
https://kr.indeed.com/viewjob?jk=917cc06120add6e1,Data Scientist,Soomgo 서울 강남구,,년 이상 경력자 • Stakeholder와의 원활한 커뮤니케이션 능력 • SQL 능숙하게 활용 가능한 분 • Python을 활용한 수학적 통계 분석 및 모델링 가능한 분 • 다양한 머신러닝 알고리즘을 적재적소에 활용해본 경험...
https://kr.indeed.com/viewjob?jk=166aa0c72e94a266,Business Data Analyst,Soomgo 서울 강남구,,"즈니스에 적용하고 개선한 경험 (Google Optimize, Optimizely, 등) 우대사항 • Python 또는 R 을 사용하여 데이터 분석에 활용 가능 • 경영학, 통계학, 경제학, data analysis 등..."
https://kr.indeed.com/viewjob?jk=dd4d8e59a4a9265d,Data Specialist (Scientist&&Engineer),아우름플래닛 서울 마포구,,"Tensorflow, Keras, Pytorch, Theano 등)를 하나 이상 사용할 수 있는 분 • R, Python, Scala, SQL 등을 이용한 데이터 분석 및 프로그램 개발 능력이 있는 분 • 데이터 분석 기법..."
https://kr.indeed.com/viewjob?jk=e36b5d6e4b5e5a88,(전액무료) 청년장애인 IT 인재육성 씨앗(SIAT) 교육 추가 / 교육...,중앙에이치티에이 성남 수정구,,게임>빅데이터·AI(인공지능)> Python|인터넷·IT·통신·모바일·게임... 로그래머>머신러닝(ML)|인터넷·IT·통신·모바일·게임>응용프로그래머> Python|인터넷·IT·통신·모바일·게임>응용프로그래머>증강현실(AR)|인터넷...
https://kr.indeed.com/viewjob?jk=39e84c0bd1b237e0,[웹앱 개발자 ] 프론트엔드 / HTML / JavaScript / PH...,솔리도스 서울 강남구,,Python 모집부문 및 자격요건 담당업무 자격요건 인원 [담당업무] 프론트엔드 / HTML / JavaScript / PHP / Python [자격... 통신·모바일·게임>응용프로그래머> Python|인터넷·IT·통신·모바일·게임...
https://kr.indeed.com/viewjob?jk=d1184c95d2db2319,Developer Operations Engineer,ChilliConnect 서울,,"modern scripting or programming languages... Python or Golang Basic networking knowledge (routing, firewalls, DNS..."
https://kr.indeed.com/viewjob?jk=d276e0246539b012,[빅데이터분석] 데이터 사업 기획 및 운영 담당자,한국카카오은행 성남 분당구,,"또는 머신러닝 관련 내용을 이해할 수 있는 분 · 적극적이고 원만한 커뮤니케이션이 가능한 분 우대사항 · Python, Java, Scala 등 프로그래밍 언어 사용 경험이 있는 분 · 전산/수학/통계 또는 관련 분야 학사..."
https://kr.indeed.com/viewjob?jk=77b4c2f36acac43b,네트워크 엔지니어,Nexon 성남 분당구,,"등)을 이용한 네트워크 Troubleshooting 경험 - 업무 자동화를 위한 스크립트(bash, Python, Ansible 등) 구현 경험 - 퍼블릭클라우드에 대한 지식 및 운영 경험(AWS, Azure, GCP..."
https://kr.indeed.com/viewjob?jk=390d00ceeb84f2bd,인프라 엔지니어,RIDI Corp 서울,,"키텍처 구성 경험이 있으신 분 Docker, ECS, K8S 등 컨테이너 기반의 서비스 운영 경험이 있으신 분 Python, Node.js, Typescript, GO 등 프로그래밍 경험이 있으신 분 우대사항 Docker..."
https://kr.indeed.com/viewjob?jk=ccd6d7e879c3a562,플럭시티 데이터 분석 모델 개발자,플럭시티 서울 서초구,"연봉 28,000,000원 - 30,000,000원","경력무관 (신입) - C/C++, Python 개발 경력 - 공간 정보에 대한 이해 보유 기술 스택 - OS: Windows, Linux - 개발언어: C/C++, SQL, Python - Tool: Visual Studio..."
https://kr.indeed.com/viewjob?jk=fc037709d0770796,System SW 엔지니어,딥엑스 성남 분당구,"연봉 40,000,000원 - 100,000,000원",사항: 대학교(4년)졸업 이상 [기본 요구능력] - ASM/C/C++/ Python 언어 코딩 기술 - 운영체제 SW 설계 및 구현 - 알고리즘/네트워... 게임>빅데이터·AI(인공지능)> Python|인터넷·IT·통신·모바일·게임...
https://kr.indeed.com/viewjob?jk=ceb8243bc8ae3c35,[데이터 플랫폼]데이터 엔지니어 (전문연구요원 가능),버즈니 서울,,및 유지보수 이런 분을 찾습니다 관련 업무 경력 최소 3년 이상 있으신 분 (전문연구요원의 경우 경력 무관) Python 및 기반 데이터 플랫폼 개발 경험이 있으신 분 Docker(Contatiner) 기반 시스템 환경 구축...
https://kr.indeed.com/viewjob?jk=aea07d26df8ae423,Machine Learning Researcher – Audio and...,Qualcomm Korea YH 서울,,experience in machine learning • Programming skill in Python or C/C++ • Experience in PyTorch (preferred) or TensorFlow...
https://kr.indeed.com/viewjob?jk=afe92c03320fe1b3,카카오 광고 서비스 알고리즘 및 시스템 개발,카카오 4.0 성남 판교역,,"함께 하고 싶습니다. 지원자격(공통) 하나 이상의 프로그래밍 언어에 익숙한 분 (C/C++, Java, Python, Go, Scala 등) [알고리즘 개발 업무 관련 지원 경우] 데이터 마이닝 또는 머신러닝 지식/경험이..."
https://kr.indeed.com/viewjob?jk=c31de64f3670c8ed,[신규프로젝트] 서버 프로그래머 모집,엔씨소프트 2.7 성남 판교역,,"년 ~ 필수조건 - 개발 경력 3년 이상 - 웹프로토콜, 플랫폼 인프라, 보안 등에 대한 기본적인 이해 - Python, Java, PHP, Go 또는 기타 주요 개발 언어를 통한 백엔드 개발 경험 - RDBMS, NoSQL..."
https://kr.indeed.com/viewjob?jk=74d66a601cc8dde0,DBA,Toss 서울 강남구,,DBA 3년 이상) 경험 있으신 분 - SQL을 숙련되게 다루시는 분 - Shell 운영 스크립트 개발이 가능하신 분 # 우대 사항 - NoSQL (MongoDB) 운영경험이 있는 분 - Python 개발이 가능하신 분
https://kr.indeed.com/viewjob?jk=1c4f1c0b625f5abd,데이터 분석 직군 모집,넷마블 서울 구로구,,"요건 - 관련 분야 경력 3년 이상 - 정형/비정형 데이터 분석 및 모델링 가능 - 통계 분석 도구 (R, Python, Tensorflow 등) 및 SQL 사용 가능 - 다양한 직군의 사람들과 원활한 커뮤니케이션 및 협업..."
https://kr.indeed.com/viewjob?jk=2cfd15907402c5cc,DGIST 제2차 계약직 연구원 채용공고,대구경북과학기술원 대구 현풍면,,천원 이내 수행 내용 Machine learning (Deep learning) 알고리즘 개발 Python/Tensorflow 프로그래밍 Matlab/simulink 모의실험 자율주행 자동차 혹은 전문 서비...
https://kr.indeed.com/viewjob?jk=b966810974ac84da,"Technical Solutions Engineer, Wear OS (E...",Google 4.3 서울,,"developing web applications and programming languages (e.g., Python, Go, Java, JVM Hotspot, HTTP, HTTPS). Ability to speak..."
https://kr.indeed.com/viewjob?jk=da9acd85bb0bbe90,빅데이터 분석(머신러닝/딥러닝) 컨설턴트 정규직,디앤아이컨설팅 서울 동대문구,,"석사학위자의 경우 2년 이상 경력자 ㆍ분석결과에 대한 명확한 의사소통 및 문서화 기술이 있으신 분 ㆍR, Python 등 언어를 활용한 데이터 정제, 분석, 모델링, 시각화 경험이 있으신 분 ㆍ데이터 기반 실험 및 모델을 실..."
https://kr.indeed.com/viewjob?jk=11c0d92ec23892d5,협동로봇 실습장비 개발 및 교육 인력 1명/로봇공학 기술자 및 연구원,씨엔로봇 대전 중구,,"활용 교직원 연수 - 실습장비 활용 학생 연수 - 실습장비 납품 후 활용 교육 ㅇ 협동로봇 티칭 및 교육 - Python, ROS, C# 등 프로그래밍 및 교육 - PLC, HMI 프로그래밍 및 교육 [근무시간 및 형태] 주..."
https://kr.indeed.com/viewjob?jk=57ad8caec6cd2123,Network Consulting Engineer (Full Time)...,Cisco Systems 4.1 서울,,"experience in Linux and programming languages like Python, Java , JavaScript etc. • Minimum of 3.0 GPA or higher • Strong..."
https://kr.indeed.com/viewjob?jk=ae2c6294bc277408,Lead Technical Solutions Engineer,MightyHive 서울,,Data Analysis in Python... R Machine... 와 같은 모바일 앱 트래킹 도구들을 위한 모바일 이벤트 트래킹 Python 또는 R 을 활용한 데이터 분석 Machine Learning...
https://kr.indeed.com/viewjob?jk=80dea8b8353c3ee0,System Engineer,Toss 서울 강남구,,"# 자격 요건 - Linux 환경에서 대용량 TPS 운영 경험이 있으신 분 - 스크립트 언어(shell, python, Perl, Ruby 등)를 사용하여 인프라 운영이 가능하신 분 - HTTP, TCP/IP 프로토콜에 대한..."
https://kr.indeed.com/viewjob?jk=3805907e10c94ad1,생산기술연구팀 개발자 연구원,에이스트로닉스 대전 유성구,,"학력사항: 대학(2,3년)졸업 이상 [필수사항] - C / C++ / Python 언어 사용 가능자 - Windows, 임베디드 리눅스 기반 시스템... 통신·모바일·게임>응용프로그래머> Python|인터넷·IT·통신·모바일·게임..."
https://kr.indeed.com/viewjob?jk=fd1696eff42ae195,[신규프로젝트][AION2] 캐릭터 리거 모집,엔씨소프트 2.7 성남 판교역,,MotionBuilder 경험자 게임 애니메이션에 높은 이해도 다양한 캐릭터에 대한 리깅 경력자 우대사항 Python/Mel 스크립트 사용자 UnrealEngine 4 경험자 모션 캡쳐 경험자 애니메이션에 기술적으로 관심이...
https://kr.indeed.com/viewjob?jk=0b73bc112692fd53,"KAIST 정보전자연구소 [연수연구원(POST-DOC), 전산학부 지능형...",카이스트 4.0 대전 유성구,,"RTL 설계 경험 - Verilog, System Verilog, 디지털 시뮬레이션 - shell, tcl, perl, Python, makefile 등의 스크립트 언어 관련 지식 3 년이상 보유자 우대 - 가점 5 점"
https://kr.indeed.com/viewjob?jk=419692b3ddb34768,Analytics Specialist,MightyHive 서울,,"end languages ( Python, NodeJS, PHP, etc... HTML5 / CSS / JavaScript, 기타 프론트 엔드 언어 ( Python, NodeJS, PHP 등)에 대한 read/write 능력..."
https://kr.indeed.com/viewjob?jk=b970fab4900ee5ec,[포털서비스] AB테스트 설계/분석 데이터 엔지니어 및 서버 개발자 모집,카카오 4.0 성남 판교역,,수행합니다. 실험 프로세스 구축 및 이를 위한 도구 개발 지원자격 최소자격 개발 경력 2년 이상 Python 사용에 어려움이 없으신 분 하둡 에코시스템에서 대용량 데이터 처리 경험이 있으신 분 데이터 사이언스/머신러...
https://kr.indeed.com/viewjob?jk=d6c05c588971df5a,백엔드 파운트 시스템 엔지니어 (현재 급여수준 이상 보장),파운트 서울 충정로역,,"경험 - Linux명령어 및shell스크립트 작성 능숙 우대사항 - Python, Java등을 이용한 프로그래밍 경험 네트워크및 서버에 대한 표준화... 립트 작성 능숙 우대사항 - Python, Java등을 이용한 프로그래..."
https://kr.indeed.com/viewjob?jk=18f8b331aceb87db,Vision Engineer/UX engineer,플로이드(FLOYD inc.) 서울 금천구,"연봉 30,000,000원 - 48,000,000원","Android/Linux/Windows 기반 UX 개발 5. Advanced Experience - Python, QML, HTML5, CSS, JS 사용하여 개발 - Web UI 기반 UX 개발 지원 마감일..."
https://kr.indeed.com/viewjob?jk=578375fc6fbd686f,오로스테크놀로지 신입 [(대.중소기업 청년희망나눔) SK하이닉스 협력사...,오로스테크놀로지 성남 중원구,"연봉 21,870,000원 - 25,000,000원","경험(경력) : *Experience of script language... MatLab, Python 전공(교육) : *SQL, MFC, VC++, C# programming languages Skill..."
https://kr.indeed.com/viewjob?jk=e899e93a507e6dcb,Data Engineer,KidsLoop 서울,,Requirements Python SQL (Postgres would... Data Scientists/기획 팀과의 긴밀한 협업 자격 요건 Python SQL 데이터베이스에 대한 탁월한 이해 (PostgreSQL) 하나...
https://kr.indeed.com/viewjob?jk=f4c784e2cb1ecbbb,Technical Specialist,Microsoft 4.2 서울,,"Developer experience in C#, Java, Node.js/JavaScript and Python. Data and analytics experience – Machine Learning skills..."
https://kr.indeed.com/viewjob?jk=186a8b83a77f65a1,인공지능 및 Python 개발자,이지스케이 서울 강남구,"연봉 25,000,000원","모집직종, 모집인원, 학력, 전공, 고용형태, 근무예정지, 인근지하철, 직무내용, 경력조건, 필요경력, 자격면허, 병역, 병역특례, 외국어 능력, 컴퓨터 활용, 채용가능 장애유형, 장려금 지급 대상자 채용희망 등 구인정보..."
https://kr.indeed.com/viewjob?jk=d56db98820a1324c,스크립트 개발 프로그래머,Nexon 성남 분당구,,"류하여 함께 도전해나갈 분들을 기다리고 있습니다. [주요업무] - JavaScript 및 기타(Lua, Python) 스크립트 엔진 연동, 프로젝트에 맞게 수정 및 최적화 - MOD-CORE 개발시 필요한 스크립팅 개발..."
https://kr.indeed.com/viewjob?jk=3ca6b46c86ea9ba3,"Senior Analyst/ Manager, Pricing",Klook 서울,,"find tangible value... organisation. Strong with SQL, Python and Excel Min 5 years experience... revenue or pricing..."
https://kr.indeed.com/viewjob?jk=0b05f7fff851371a,게임 런처 개발,Nexon 성남 분당구,,업무소개] - 넥슨 글로벌 플랫폼의 게임 클라이언트 배포 시스템 및 어플리케이션 개발 지원자격 - C++ 혹은 Python 프로그래밍 언어 능숙자 - 비동기 및 병렬처리 프로그래밍 경험 우대사항 - Modern C++...
https://kr.indeed.com/viewjob?jk=a50fce6cc2cb57c9,자연어처리전문가 금융챗봇 만들어 갈 엔지니어,파운트 서울 충정로역,,리에 필요한 알고리즘을 개발하고 Python으로 구현 및 성능 검증을 진행... Description - 자연어 처리에 필요한 알고리즘을 개발하고 Python으로 구현 및 성능 검증을 진행 - 자연어 전처리 (형태소 분석...
https://kr.indeed.com/viewjob?jk=cac18e6bcbee5a21,Front end 개발자,브릭 성남 분당구,"연봉 28,000,000원","ElasticSearch 사용 언어 (빈도수 순) : Java, C#, Javascript, Scala, Python, R, C++ 7. 근무 조건 근무장소 : 경기도 성남시 분당구 판교역로 230, 309호(삼환하이펙스..."
https://kr.indeed.com/viewjob?jk=85687b250386c4be,qe 소프트웨어 엔지니어,에이치알 코리아 대한민국,,"process improvements • Strong scripting experience with Python, Shell Scripts, Ruby, etc. • Ability to code competently..."
https://kr.indeed.com/viewjob?jk=bcd2f0630e298aa3,클라우드 인프라 운영 담당자 모집,넷마블 서울 구로구,,"기술적인 문제점 파악 및 해결 스킬 우대 사항 - 유관 경력 5년 이상 - 인터프리터 언어 숙련자 ( Python, Ansible 등) - 컴퓨터 관련 전공 이수자 우대 - 네트워크 기본 역량 - 게임사/포탈 인프라..."
https://kr.indeed.com/viewjob?jk=85ec5ad4632325c2,2021년 지역주도형 일자리사업「4차 산업혁명 IT인력 일자리창출 지원」...,라젠 광주 서구,"월급 2,000,000원 - 2,200,000원","전공자 또는 인공지능 솔루션 관련 개발 경험이 있는 인력이 필요합니다. [체크사항] 1.Java, C, Python 등 기본 언어 활용 2.정보처리기사 및 소프트웨어 관련 자격증 우대 상세모집요강 접수기간/방법 지원방법..."
https://kr.indeed.com/viewjob?jk=d13fce11058e6cf1,보안 모니터링 시스템 개발 및 운영 담당자 모집,카카오 4.0 성남 판교역,,"이터 분석을 위한 SIEM/ETL 플랫폼 개발/운영 지원자격 기본사항 경력 5년 이상 Java, Python 등의 언어로 개발 가능자 기본적인 웹 개발 및 Back-End 개발 가능자 DBMS 혹은 빅데이터(NoSQL..."
https://kr.indeed.com/viewjob?jk=ad33bb88dbd176af,"[신입,경력] application 개발자",유즈브레인넷 서울 구로구,,"담당업무 자격요건 인원 MFC/Visual C++ [담당업무] - application - C, C++ - Python - 헬스케어 제품 어플 개발 - APP(iOS/Android) - 응용프로그래머 [근무부서 및 직급/직책..."
https://kr.indeed.com/viewjob?jk=3c826354b46f3cde,(주)엘솔루 웹 개발자,㈜엘솔루 서울,,Javascript / React / Python / NodeJS 개발... Stack 개발 유경험자 ㆍJavascript / React / Python / NodeJS 개발 유경험자 ㆍHTML 5 개발 가능자(필수) 1명...
https://kr.indeed.com/viewjob?jk=6508b0f2be57869f,신약개발 AI 모델 개발 및 분석,Exdigm 서울,,"Pytorch, Keras 등) 연구 경력 보유 및 관련 논문 이해/활용 가능자 - 프로그래밍 언어 ( Python, R 등)를 활용한 OMICS 데이터 통계 분석 기술 보유 - 빅데이터 분석 경험, 유전체/의생명 데이터 외..."
https://kr.indeed.com/viewjob?jk=d8a8869ab092f731,데이터 엔지니어 및 사이언티스트,카카오 4.0 성남 판교역,,"등 데이터 엔지니어와 사이언티스트의 업무를 경계 없이 수행하게 됩니다. 지원자격 개발 경력 3년 이상 Python, Scala, Java, C++ 중 하나 이상의 언어에 능통 SQL 또는 HiveQL에 능통 대용량 데이..."
https://kr.indeed.com/viewjob?jk=3d4a43483a78eca0,"Python, API 경력 정규직, 계약직",라라 부산 수영구,"월급 2,000,000원",인터넷·IT·통신·모바일·게임>응용프로그래머> Python|인터넷·IT·통신·모바일·게임>응용프로그래머>API
https://kr.indeed.com/viewjob?jk=d748c217f78dbd58,DBA 엔지니어,쏘카 대한민국,,"시계열 데이터베이스(InfluxDB) 구축 및 운영 경험이 있으신 분 • 자동화를 위한 스크립트(Shell, Python, Ansible) 지식을 보유하신 분 • 새로운 기술 도입에 대한 오픈 마인드를 갖고 계신 분 전형절차..."
https://kr.indeed.com/viewjob?jk=089931931a0474d5,소형전지사업부/기술혁신센터,삼성SDI 3.9 충청남도 천안,,"천안 전공분야 - 컴퓨터/시스템 전자/전기 기계/산공 전문지식 - Java, C#, C++, Python - Oracle (PL/SQL) - Automod, VisualComponent - 통신프로그래밍 경험..."
https://kr.indeed.com/viewjob?jk=df21e3bb5d773616,Python Programmer,Mofac 서울 서초구,,개발 – JAVA 프로그래밍(라이브러리 활용) – Spring 프레임 워크 개발 – Python API 프로그래밍 우대사항 – Python 개발 경험 – Open Source 라이브러리 개발경험 – Web 표준에 대한 경험...
https://kr.indeed.com/viewjob?jk=ffac42e32db26233,Lead Product Engineer - Liberate,Cadence Design Systems 경기도,,"problems and propose solution Automation skills using Tcl, Python, Perl and shell scripting Bachelor/Master in EE with 5+..."
https://kr.indeed.com/viewjob?jk=78e99625e5de3c95,전문연구요원 (병역특례) 수시 (AI / HW 분야),딥엑스 성남 분당구,"연봉 40,000,000원 - 100,000,000원","모델의 RTL IP 설계 및 IP 검증 가능자 - Language: Python/Perl, C/C++ [우대 조건] - ARM based SoC 설계... Linux, shell, tcl, python, perl 사용 원활..."
https://kr.indeed.com/viewjob?jk=5163264f93887592,Machine Learning 엔지니어 영입,카카오모빌리티 성남 분당구,,"분 ※ 언어 : SQL[필수], Python[필수], Scala, R 등... 바일·게임>데이터베이스·DBA>SQL|인터넷·IT·통신·모바일·게임>응용프로그래머> Python|인터넷·IT·통신·모바일·게임>웹프로그래머> Python"
https://kr.indeed.com/viewjob?jk=7d4bc2a107c6669b,Customer Engineer,Microsoft 4.2 서울,,least 5 years welcome experience in model development using python or R. Experience in migrating from one database to another...
https://kr.indeed.com/viewjob?jk=9040dba1c8db2a5d,퀀트운용팀 (사원-대리급),신한비엔피파리바자산운용 대한민국,,지식 보유자 - 투자자산운용사 자격증 소지자 우대 - CFA/CAIA/CPA 자격증 소지자 우대 - VBA/ Python 활용한 업무 가능자 우대 - 관련 전공 및 석박사 학위/금융 관련 자격증 보유자 우대 3. 전형방법...
https://kr.indeed.com/viewjob?jk=29c6b79d1a7d446d,2021년 신입/경력직,다나와 서울 양천구,,"응시자격 지원하기 데브옵스개발 경력 데브옵스(devops) 환경 구축 및 품질향상 경력 1~7년 Java, Python에 대한 이해보유자 Spring Boot 또는 Express.js 프레임워크 이해 보유자 바로가기 데이터베..."
https://kr.indeed.com/viewjob?jk=be6c1f03fa566f8e,추천 시스템 연구/개발,카카오 4.0 성남 판교역,,"지원자격 개발 경력 3년 이상 적어도 하나 이상의 능숙한 프로그래밍 언어가 있으신 분 우대사항 Python, C++, GPU 프로그래밍 숙련자 TensorFlow, PyTorch, implicit 등 머신러닝/추천..."
https://kr.indeed.com/viewjob?jk=9079ffcd00703379,[신한저축은행] 경력직원,신한저축은행 서울 중구,,통신·모바일·게임>빅데이터·AI(인공지능)>빅데이터|인터넷·IT·통신·모바일·게임>빅데이터·AI(인공지능)> Python|인터넷·IT·통신·모바일·게임>빅데이터·AI(인공지능)>데이터분석|인터넷·IT·통신·모바일·게임>빅데이터...
https://kr.indeed.com/viewjob?jk=3f8d4bf382f3ec64,반도체 디자인 검증 엔지니어,10년 연혁의 팹리스기업 서울 강남구,,"버깅 능력 - 디지털 회로 설계에 대한 지식 - 객체지향 프로그래밍(OOP)에 대한 이해 - C/C++, python, perl, tcl등 프로그래밍 언어에 대한 이해 • 참고사항 - 근무시간 : 주5일, 업무시간 flex..."
https://kr.indeed.com/viewjob?jk=0064deb5fa9cbce0,데이터 사이언티스트 모집,카카오 4.0 성남 판교역,,"양한 실험을 통해 알고리즘을 개선합니다. 지원자격 지원자격 하나 이상의 프로그래밍 언어에 익숙한 분( Python, Java, C/C++, Scala 등) 머신러닝/딥러닝 오픈소스를 이용하여 1년 이상 특정 서비스에 모델..."
https://kr.indeed.com/viewjob?jk=7dc860cc05850a5b,[KSTEC] 2021년 경력 사원 (SW개발자),지식시스템 성남 분당구,,"개발 (SPSS, SAS, R, Python, Java 기반) 2. 기업용... 경력 3년 ~ 10년 [기술요구사항] 1. SPSS, SAS, R, Python, Java 등 데이터분석/AI개발 도구 사용 가능자 2. Java..."
https://kr.indeed.com/viewjob?jk=7e9a745cd8bdcbe3,"Design Consultant, Staff",Synopsys 대한민국,,"industry DFT, MBIST, and ATPG tools •Experience scripting... Python and Tcl. Experience with Verilog or SystemVerilog RTL..."
https://kr.indeed.com/viewjob?jk=2695294aea6dc3b6,MongoDB Engineer 모집,카카오 4.0 성남 판교역,,수 있는 분 Linux/Network에 대한 기초 지식이 있는 분 우대 사항 C/C++ 또는 Python 언어를 이용한 프로그램 개발(프로젝트) 경험이 있는 분 MongoDB 트러블 슈팅 경험이 있는 분 MongoDB...
https://kr.indeed.com/viewjob?jk=2f8a6bbca95a18ce,MongoDB 능숙한 Python 웹 개발자 - 정규직,코리아뉴스와이어 서울 중구,,"년이상) 학력 학력무관 성별 무관 기타 담당업무 MongoDB 능숙한 Python 웹 개발자 채용 - 정규직 커리어 양식 지원 상세모집요강 접수기... 직종) 웹프로그래머웹프로그래머, Python 산업별(업종) 포털.컨텐츠..."
https://kr.indeed.com/viewjob?jk=1a2885a205ae2400,"Python, 데이터분석 외 경력 정규직",에임즈인터내셔널코리아 서울 강남구,,데이터 예측 알고리즘 개발 경력 - Python 개발 능력 보유 -학사 이상... 수 있습니다. 인터넷·IT·통신·모바일·게임>빅데이터·AI(인공지능)> Python|인터넷·IT·통신·모바일·게임>빅데이터·AI(인공지능)>데이터분석...
https://kr.indeed.com/viewjob?jk=de567c4b6b588c4c,NAVER IDC 서버 운영/관리(춘천),NIT Service 춘천 동면,,"Web, WAS에 대한 지식과 System application 운영 경험 - Shell script, python 활용 가능 - 해외 데이터센터 인프라 구축 또는 운영 경험 - 국가보훈대상자 및 장애인은 법령에 의거 우대..."
https://kr.indeed.com/viewjob?jk=54e0d08c99dcf507,MI(Market Intelligence)담당 마케팅 전략 경력사원,LG전자 3.8 서울 영등포구,,"마케팅 전략/방향성 도출 경험 보유 4) 우대 사항 - 통계 분석 및 프로그래밍 언어 역량 보유: R, python, Java, SPSS, Tableau, etc. - 영어 능통 역량: 해외법인과 영어 화상 회의 및 현지..."
https://kr.indeed.com/viewjob?jk=a4789c5b4acf4353,시스템/서버 엔지니어 영입,카카오페이증권 성남 분당구,,"있으신 분 - 포털/게임/가상화폐/증권거래 서비스 등 대규모 인프라 운영 경험이 있으신 분 - Python, Ruby 프로그램 개발 및 Shell Script 사용이 가능하신 분 - 오픈소스(Redis, Memcached..."
https://kr.indeed.com/viewjob?jk=84073b0a49c43877,AI 서비스 백엔드 개발자 (신입/경력),플레이스에이 성남 분당구,,"생각되는 능력치] - 관련 분야의 업무를 3년 이상 경험했다 - C++, Java, Javascript, Python 등의 언어를 이용한 서버 개발 경험이 있다 - AWS, Alibaba, Azure 등을 이용한 Cloud..."
https://kr.indeed.com/viewjob?jk=5b73d7ce16a8338a,2021 Market Data Analyst - Seoul,Bloomberg 서울,,"work experience using one more programming language... Python, SQL and R Fluency in Korean and English (both spoken..."
https://kr.indeed.com/viewjob?jk=38ded2ac6c98054a,[신용리스크모델링팀] 신용평가모형 개발 및 운영담당자,한국카카오은행 성남 분당구,,"하신 분 · 다양한 내/외부 데이터 협업을 위한 유연한 커뮤니케이션 스킬 보유하신 분 · SAS, SQL, Python, R 등의 소프트웨어를 이용하여 데이터 분석 및 모델 모형 개발이 가능하신 분 · 총 경력기간 1년 이상..."
https://kr.indeed.com/viewjob?jk=18dfa5323b2713fe,AI/Data Scientist 경력직,SK건설 4.1 대한민국,,"내재한 Value/Social Bias 해소 수행 경험 보유자 - Python (Numpy/Pandas), C/C++ 언어 개발 능력 보유자 (우대사... 터분석|인터넷·IT·통신·모바일·게임>빅데이터·AI(인공지능)> Python"
https://kr.indeed.com/viewjob?jk=385c58c7ced1d77b,데이터 사이언티스트를 지향하는 데이터 엔지니어 모집,카카오 4.0 성남 판교역,,"Spark 등 빅데이터 분석 플랫폼을 사용하여 대용량 데이터의 수집,가공이 가능한 분 프로그램 개발(Java, python 등) 기술을 보유하신 분 어떤 일이라도 중요하게 여기며 책임감 있게 진행할 수 있으신 분 자신의 생각..."
https://kr.indeed.com/viewjob?jk=b9d4aeb1079d76b4,Data Scientist,LG전자 3.8 서울 영등포구,,"이상) 전공: 통계학, 컴퓨터 공학 등 유사 전공 필요 업무경험 : 1. 데이터 분석/모델링 수행 - R/ Python/SAS 등의 분석 Tool을 활용하여 정형/비정형 데이터 분석 수행 - 대용량 원천 데이터의 탐색적 분석을..."
https://kr.indeed.com/viewjob?jk=5cb14c0712a6c4c1,시스템 엔지니어링,NHN 4.4 성남 판교역,,"Windows OS 스킬 보유 및 X86 서버 운영 경험 보유 - 기본적인 운영도구 개발 가능자 * Python, Django, JAVA - 웹 서비스 또는 플랫폼 개발 경력 보유자 - OpenStack 기반의..."
https://kr.indeed.com/viewjob?jk=9229c9c7499479a6,큐니온 신입 및 경력직 연구원,큐니온 대전 유성구,,개발 우주·항공 matlab Python [담당업무] (1) 디지털 HW... 을 통한 딥러닝 수행 (기본형/신경망기반/심층(비)지도학습 외) Python 기반 PyTorch S/W 구현 검증 (2) RF 수동/능동소자 개발...
https://kr.indeed.com/viewjob?jk=18f8b331aceb87db,Vision Engineer/UX engineer,플로이드(FLOYD inc.) 서울 금천구,"연봉 30,000,000원 - 48,000,000원","Android/Linux/Windows 기반 UX 개발 5. Advanced Experience - Python, QML, HTML5, CSS, JS 사용하여 개발 - Web UI 기반 UX 개발 지원 마감일..."
https://kr.indeed.com/viewjob?jk=9248ca355efc13d2,[클라우드서비스] 네트워크 개발자 영입,카카오엔터프라이즈 성남 분당구,,"이에 준하는 3년 이상의 경력 - Network Virtualization에 관심이 있는 분 - Golang, Python, C/C++ 중 한 가지 언어에 능숙한 개발 ◆ 우대사항 - Kubernetes/Openstack..."
https://kr.indeed.com/viewjob?jk=94e6b51a16f4a0f6,Perception Software Engineer - Autonomou...,NVIDIA 대한민국,,work experience. Strong programming skills in C++ and python. Hands-on experience in developing algorithms for state...
https://kr.indeed.com/viewjob?jk=c2f5f53dc48263eb,Machine Learning Researcher – On-device...,Qualcomm Korea YH 서울,,"experiences • Algorithm implementation experiences using python with deep learning platform, e.g. PyTorch, TensorFlow..."
https://kr.indeed.com/viewjob?jk=e6c30cd499a8ee80,PhD Scholarships in Membrane Water Treat...,Kyungpook National University 3.9 대한민국,,"Experiences... use of programming languages... MATLAB, PYTHON, etc. - Knowledge in mathematical modelling..."
https://kr.indeed.com/viewjob?jk=9ccd0db79695e27e,[단기계약직] 인공지능 기술 개발을 위한 언어 데이터 구축자 모집,엔씨소프트 2.7 성남 판교역,,언어 데이터를 꼼꼼하게 분석하고 정리할 수 있으신 분 - 언어자원 구축 경험이 있으신 분. - 엑셀 또는 Python 등의 프로그래밍 언어로 데이터 처리가 가능하신 분 (필수사항 아님) 제출서류 필수 제출서류 없음 전형단계...
https://kr.indeed.com/viewjob?jk=2892c67308e87f01,Field Data Scientist,Success Korea 경기도,,"Scripting experience required (e.g. Matlab, R, Python). Familiarity with analytics... e.g. Matlab, R, Python). Familiarity..."
https://kr.indeed.com/viewjob?jk=eaee1538d8cc832f,메시지발송 플랫폼 개발자,Nexon 성남 분당구,,"개발 가능하면서 python 개발 경험 소유자(또는 Python 개발 가능... NET 또는 python 개발 경력 5년이상 - 자동화를 위한 스크립트(powershell, bash, python 등) 경험 - Windows..."
https://kr.indeed.com/viewjob?jk=04d685fc70b67d4e,Linux/Python/PHP/MySQL/백엔드 정규직 경력,일루미나리안 용인 보정동,,"보유 - DBMS(MySQL or MariaDB), scripting Language: bash, python, OOP 언어 중 가능자 - Back-End 서버를 개발해 보신 분 [우대사항] - Go(aka GoLang..."
https://kr.indeed.com/viewjob?jk=bfe0f5ac4f32ec89,추천 통계분석/데이터사이언티스트,카카오 4.0 성남 판교역,,기능 기계학습 모델링 지원자격 개발 경력 3년 이상 숙련된 데이터분석 능력 데이터 사이언스를 위한 언어( Python/R) 를 하나 이상 능숙하게 다룰 수 있으신 분 분석 결과를 설득력있게 전달할 수 있는 분 우대사항...
https://kr.indeed.com/viewjob?jk=71c47ac87bb4087e,기술 인턴 인공지능 응용 연구/개발 인턴,써로마인드로보틱스 서울 관악구,,"6개월) (협의) *모집 절차: 서류 à인터뷰(오프라인) *지원 자격: 프로그래밍 언어 활용 능력: Python, C, C++ 중 1가지 이상 데이터구조, 알고리즘 과목 이수 머신러닝과 딥러닝의 기본 개념 이해 머신러닝..."
https://kr.indeed.com/viewjob?jk=fbdab97981902888,2021-1회 인지 및 사회성 연구단 연구원 및 박사후연구원,기초과학연구원 대전,,"경험자, Large scale neural population activity data 분석(MATLAB or Python 등) 유경험자 ㅇ 인원: 1명 [직종/직급 설명] - (연구원) 최대 5년의 기간 동안 임용하는 인력..."
https://kr.indeed.com/viewjob?jk=a4b72e38fb50bde0,콘텐츠서비스개발- 데이터엔지니어,Nexon 성남 분당구,,및 운영 - 서비스 자동화 업무 지원자격 - 경력제한 없음 - Python 또는 NodeJS를 활용한 시스템 개발 경험 - Linux 기반의... 론트엔드 및 웹 개발 경험 - Python 또는 Scala를 활용한 데이...
https://kr.indeed.com/viewjob?jk=f9e6818f9892abd5,2021년 1월 신입/경력,나이스피앤아이 서울 여의도,,"상경계열, 통계학, 수학, 공학 전공 - 프로그래밍 및 통계 Package 활용 (VBA, C++, R, Python, Matlab 등) - DBMS 활용 (Oracle SQL, PL/SQL) - 유관 전공 석사, 박사(과정..."
https://kr.indeed.com/viewjob?jk=55a19c92c845685e,Developer / Designer recruit,마이뮤직테이스트 서울 논현동,,"language (i.e Python, Ruby, Java, .Net... High proficiency in Python... knowledge... least one Python web framework..."
https://kr.indeed.com/viewjob?jk=05aa5498d84c58e1,데이터 엔지니어(신입/경력),쏘카 대한민국,,"있는 분 • 데이터 분석팀 및 유관 부서와의 원활한 소통을 위한 기본적인 쿼리 작성 능력을 갖춘 분 • Python 또는 Java, Scala, C++, C# 등의 언어를 최소 1개 이상 능숙하게 사용할 수 있는 분 • 대용..."
https://kr.indeed.com/viewjob?jk=e4f1914b34f03ca2,Deep Learning R&D Engineer,Intel 4.1 서울,,"Caffe, and MxNet Strong programming skills with C/C++ and Python Experiences on programming and testing on Linux environment..."
https://kr.indeed.com/viewjob?jk=f354282695f32e53,파이썬 인공지능 알고리즘,와플 성남 분당구,"월급 2,000,000원 - 2,200,000원",지원자격 경력 신입·경력 학력 - 성별 무관 기타 담당업무 인공지능 Python 파이썬 개발자 데이터 분석 및 처리 임베디드 소프트웨어 상세모집요강 접수기간/방법 시작일 2021.1.26 (화) 마감일 2021.3.22...
https://kr.indeed.com/viewjob?jk=85f599b637702b35,알고리즘/투자,쿼터백자산운용 대한민국,,트레이더등 다양한 전문 인력과 함께 하게 됩니다. ※ 지원자격 ㆍ신입/경력 (년수무관) ㆍ기타 필수 사항: Python ※ 근무형태 : 정규직(수습기간)-3개월 ※ 근무지역 : 서울 영등포구 여의도동 국제금융로 센터빌딩...
https://kr.indeed.com/viewjob?jk=444320d2e49672dc,Application Engineer South Korea (Physic...,Zurich Instruments 대한민국,,"Experience in programming languages LabVIEW, MATLAB, Python or C is a plus. Availability to travel, around 25%. Moreover, we..."
https://kr.indeed.com/viewjob?jk=0b2f8d9e4a9f23fc,"인공지능(AI), 머신러닝(ML) 외 신입/경력 정규직",시스메틱 서울 영등포구,"연봉 25,000,000원 - 30,000,000원",모바일·게임>응용프로그래머>인공지능(AI)|인터넷·IT·통신·모바일·게임>응용프로그래머>머신러닝(ML)|인터넷·IT·통신·모바일·게임>응용프로그래머> Python|인터넷·IT·통신·모바일·게임>소프트웨어·하드웨어>소프트웨어
https://kr.indeed.com/viewjob?jk=b6712899b21c90a9,"[정규직] 데이터 사이언스 (생명정보학, 화학정보학, 기계학습)",카이팜 서울 서대문구,,"산업 직무별(직종) 연구직.공학개발직의료·제약 인공지능(AI).빅데이터인공지능(AI), 빅데이터, 머신러닝, R, Python 화학.에너지.제약.식품기술연구소, R&D, 생명공학 산업별(업종) 석유.화학.에너지.환경 환경"
https://kr.indeed.com/viewjob?jk=e4a0131f20aea2a8,대기업 CTO AI기술 확보 알고리즘 (박사급),에이치알 코리아 대한민국,,"AI 관련 논문 발표) - AI/딥러닝 알고리즘 연구개발 프로젝트 경험 - Ubuntu Linux, Python, Tensorflow, PyTorch 사용 중상급 이상"" 이력서제출처: HR KOREA 배유하차장 euhab..."
https://kr.indeed.com/viewjob?jk=4ec305f59ce64060,게임이상탐지 분석/개발,Nexon 성남 분당구,,"기법 적용에 필요한 프로그래밍 능력 ( Python) - SQL 활용 능력... 대시보드 개발 능력 솔루션 개발자 - 한 가지 이상의 개발 언어( Python, Java, Scala)에 숙련된 프로그래밍 능력 - Linux..."
https://kr.indeed.com/viewjob?jk=e5448ffc7d6ecf02,FPGA 플랫폼 엔지니어 (딥러닝 하드웨어 프로세서 개발),딥엑스 성남 분당구,"연봉 40,000,000원 - 100,000,000원","사용 경험(Chip Scope/SignalTap) - Language: Python/Perl, C/C++ - Vivado 또는 Synplify 또는... SignalTap) - Language: Python/Perl, C/C++..."
https://kr.indeed.com/viewjob?jk=752a4b5d63eac97c,Back-end Engineer (Python),Soomgo 서울 강남구,,래픽 처리를 위한 AWS 인프라 구축 • 5년 이상의 웹/앱 서비스 백엔드 시스템 개발 경험이 있는 분 • Python 언어를 활용한 개발 경험이 있는 분 • 성능 최적화에 대해 지속적으로 고민하고 노력하시는 분 • AWS...
https://kr.indeed.com/viewjob?jk=e631d46f39019d13,각 분야별 인재 Pool 등록,지투알 서울,,"자 - 데이터 분석 툴(Adobe Analytics 또는 Google Analytics) 유경험자 우대 - Python, R, SQL 역량 보유자 우대 - 데이터에 기반한 문제해결 능력 및 통계학적 지식 보유자 우대 업무내용..."
https://kr.indeed.com/viewjob?jk=c6f624615d1e3da4,"[Search] 파파고 머신러닝(자연어처리, 컴퓨터비전) 엔지니어 (신입...",네이버 서울,,"이해가 깊은 분 (ex: TensorFlow, PyTorch) · Python, C++ 등의 프로그래밍 언어를 1개 이상 자유자재로 다루고 Linux... 찾고, 해결할 수 있는 분 · Python 등의 프로그래밍 언어를 1 개..."
https://kr.indeed.com/viewjob?jk=9e7d971022cdf5a1,(주)오픈시스넷 딥러닝 개발자 정규직,오픈시스넷 성남 분당구,,"대리, 팀원 [자격요건] 경력사항: 경력(3년 이상 ) 학력사항: 대학교(4년)졸업 이상 우대사항 : - Python 개발 가능자 - 딥러닝 프레임워크 기반 지식 보유자 - OpenCV, NumPy, SciPy 라이브러리..."
https://kr.indeed.com/viewjob?jk=ad07d6a330fb619a,TOAST Cloud 운영 및 기술지원,NHN 4.4 성남 판교역,,"Linux, Microsoft Solutions 등) - 2년 이상의 개발 경험 (Java, Python 등) - 기술 문서 작성 및 가이드 경험이 풍부한 자 - 대외 고객 기술 지원 경험 - Windows..."
https://kr.indeed.com/viewjob?jk=bd5ce1a809ec610a,Modem QA Contractor,聯發科技 경기도 성남,,4. Good verbal and written communication skills in English 5. Prefer programing experience(C/JAVA/ Python #LI-NOPOST
https://kr.indeed.com/viewjob?jk=a1d687cd59776360,머신러닝 개발,Nexon 성남 분당구,,모델 개발 - 머신러닝을 위한 솔루션 프로토타이핑 - 머신러닝 파이프라인 설계 및 구축 지원자격 - Python에 숙련된 프로그래밍 능력과 머신러닝 라이브러리 활용 경험 - 머신러닝과 강화학습에 관련된 지식 습득 혹은...
https://kr.indeed.com/viewjob?jk=4a65a5779d9c9e2a,"R&D Engineer, Sr I",Synopsys 서울,,experience in its application Software programming skill in python and C++ is required. Inclusion and Diversity are important...
https://kr.indeed.com/viewjob?jk=b7f5c346f5420031,동아대학교 미디어디바이스연구센터 S/W Engineer 연구원,동아대학교 산학협력단 부산 사하구,"연봉 25,000,000원 - 50,000,000원","펌웨어, 임베디드, 윈도우 어플리케이션 개발 - AI 모델, Back-End 개발 - C/C++(필수), Python, JAVA (옵션) - Caffe, Tensorflow, Keras 등 딥러닝 프레임워크 경험자 우대..."
https://kr.indeed.com/viewjob?jk=23dfc13905f7fcc0,[Search] Knowledge Base Applications (신입...,네이버 서울,,"이터 수집 및 취합 - 빅데이터 기술을 이용한 데이터 분석 - 데이터 시각화 [필요기술] - Java/ Python/Scala 중 최소 1 가지이상 숙련자 - Web(HTML, JS, D3 ) [우대사항] - 대용량 데이..."
https://kr.indeed.com/viewjob?jk=15edcadd124ad99a,매칭 데이터분석,Nexon 성남 분당구,,"최적화 된 모델을 적용하고 평가합니다. 지원자격 [이런 경험을 가진 파티원을 찾습니다.] - SQL, Python 등의 언어를 통해 데이터를 가공한 경험이 있는 분을 찾습니다. - 문제에 적합한 머신러닝 모델을 선택하고..."
https://kr.indeed.com/viewjob?jk=f83a7104e9ea2859,"소프트웨어 엔지니어, C,C++,Python 외 신입/경력 정규직",이투비비 서울 금천구,,"학력사항: 대학(2,3년)졸업 이상 직무기술: C·C++, C언어, Python [우대사항] 영어가능자 (비지니스 회화) 운전가능자 관련 자격증 보유... 그래머>C·C++|인터넷·IT·통신·모바일·게임>응용프로그래머> Python"
https://kr.indeed.com/viewjob?jk=db26147e9223e38a,[L'Oreal Korea] IT Business Analyst,L'Oreal 4.1 서울,,"outcomes Proficiency in SQL Proficiency... least one of Python (preferred), Java, or C++ Strong understanding and hands..."
https://kr.indeed.com/viewjob?jk=73f619e964a56a10,[전문연구요원] ML/DL 연구원 및 SW 개발자,뷰노코리아 서울 서초구,,"Python, Javascript, Go, Java, C++, C# 중 최소 1개 이상의 언어에 익숙하신 분 - (우대) Python/Flask로... 그래머> Python|인터넷·IT·통신·모바일·게임>웹프로그래머> Python..."
https://kr.indeed.com/viewjob?jk=dee7fa11c13c743c,(빅데이터플랫폼)데이터 엔지니어,카카오뱅크 성남 삼평동,,"Kafka, Flink 등을 사용한 대용량 데이터 처리에 능숙한 분 · Java, Kotlin, Python 중 하나 이상의 언어에 익숙한 분 · 총 경력이 3년 이상인 분 우대사항 · Hadoop EcoSystem..."
https://kr.indeed.com/viewjob?jk=7fdcd7a7457b1e93,데이터 분석 및 지표 구축,아프리카TV 경기도 성남,,"소비형태/이상현상과 트렌드 변화가 궁금하신분 - 신입 / 경력 [우대사항] -SQL,Excel,R, Python 등을 이용하여 데이터 추출 또는 분석이 가능하신 분 -기계학습, Deep Learning을 이용한 예측..."
https://kr.indeed.com/viewjob?jk=649ccf047c868778,"금융 데이터 분석 엔진, 로보어드바이저 개발자",에스비씨엔 서울 영등포구,,"시스템, 머신러닝, 자연어처리. 패턴분석 - 다음 언어에서 최소 한 가지 이상 능숙자: Java, C++, Python, JavaScript 우대사항 - 석사이상 컴퓨터공학 (Computer Science) 분야 또는..."
https://kr.indeed.com/viewjob?jk=9051319e7dababb5,에이쳐 인공지능(AI) 프로그래밍 교육 커리큘럼 기획 및 컨텐츠 개발,에이쳐 용인 처인구 +1 지역,"연봉 24,000,000원 - 26,000,000원",학사 이상 ⓑ 교육 컨텐츠 제작 경험 또는 전문적 강사로서의 경험 ⓒ 인공지능 관련 기술에 대한 경험 ⓓ Python / Tensorflow / C / C++ / HTML5 / CSS / Java / Javascript 등...
https://kr.indeed.com/viewjob?jk=f70127e91faf757c,[조선해양/토목/기계] 엔지니어,포어시스 서울 마포구,"월급 3,000,000원 - 3,200,000원","이미지 프로세싱 전공자 - 해양쓰레기 차단막 운영시스템 개발을 위한 이미지 프로세싱 관련 전공자 우대 - Python, Matlab 등 프로그램 사용자(고급) 우대 ㆍ기계: 세부 전공 무관 - 수치시뮬레이션 가능자 우대 4..."
https://kr.indeed.com/viewjob?jk=5c88acd09f153fc3,[취업연계 무료교육] 차세대 스마트공장 현장 엔지니어 전문가 양성과정 수...,한국산업기술협회 서울 금천구,,통신·모바일·게임>빅데이터·AI(인공지능)>머신러닝|인터넷·IT·통신·모바일·게임>빅데이터·AI(인공지능)> Python|인터넷·IT·통신·모바일·게임>ERP·시스템분석·설계>빅데이터|인터넷·IT·통신·모바일·게임>ERP·시스...
https://kr.indeed.com/viewjob?jk=9da3ebb4340f784a,AR&AI 엔지니어 (신입/경력),플레이스에이 성남 분당구,,"Engine 중 1개 이상 능숙하게 다룰 수 있다 - C, C++, Python 등 프로그래밍 언어 중 1개 이상 능숙하게 다룰 수 있다... 다룰 수 있다 - C, C++, Python 등 프로그래밍 언어 중 1개..."
https://kr.indeed.com/viewjob?jk=530a598184580c95,데스크탑 가상화(VDI) 엔지니어 모집,카카오 4.0 성남 판교역,,"기본적 이해 리눅스 시스템에 대한 기본적 이해 우대사항 시스템 엔지니어 경력자 Powershell, Python, Shell 스크립트를 이용한 인프라 관리 자동화 경험자 부드러운 커뮤니케이션, 친절한 마인드의 소유자..."
https://kr.indeed.com/viewjob?jk=4623c0f018a828e3,Content Producer,Codeit 서울 • 원격 근무,,Programming in Python * Algorithms in Python * Object-Oriented Programming in Python * Data Structures in Python * UNIX...
https://kr.indeed.com/viewjob?jk=e9ac1a8708b8e784,[상시 ] Data Scientist (대리급/과-차장급/정규직),라이나생명보험 서울 종로구,,"데이터 분석 프로젝트 수행 경험 3년 이상 3년 이상의 R, SQL, Python 등 프로그래밍 언어 활용 경험 최신 AI 관련 기술을 포함한 다양한... 수행 경험 7년 이상의 R, SQL, Python 등 프로그래밍 언어 활용..."
https://kr.indeed.com/viewjob?jk=01296857655fc85f,(주)신세계아이앤씨 AI/클라우드 부문 상시,신세계아이앤씨 서울 중구,,"험자 -. Programming : Python, Java, Node.js... 구축 프로젝트 PM or AA 경험자 -. Programming : Python, Java, Node.js, Ruby, .NET, Scala ※ 상기..."
https://kr.indeed.com/viewjob?jk=d0ca27a97ddf91f9,엔미디어플랫폼 데이터베이스 관리자 (DBA) 인재 안내,리더스소프트 성남 분당구,,"운영 가능한 분 - DB관련 자격증 보유한 분 - 운영 자동화 스크립트(PowerShell, Shell, Python) 작성 가능한 분 - MongoDB, Redis에 관심 있으신 분 기타사항 - 서류 접수 이후 4주 이내로..."
https://kr.indeed.com/viewjob?jk=982441ae7758b0ae,1월 11번가 Backend 개발 경력공채,십일번가 서울 중구,,"및 운영 2. 활용기술 [서버 개발] - Spring Boot 2.x, Spring Cloud, Reactor, Python, Node.js - Oracle, MongoDB, MySQL, Kafka, Redis, Spring..."
https://kr.indeed.com/viewjob?jk=3fbbb0a082dd1ff9,"네모파트너즈비에이 데이터 분석가 신입,경력",네모파트너즈비에이 서울 영등포구,,"차무관) 학력사항: 대학교(4년)졸업 직무기술: 빅데이터, 데이터분석, Python, SAS, 시스템개발, 빅데이터분석 및 AI개발 기타: - 컴퓨터... 게임>빅데이터·AI(인공지능)> Python|인터넷·IT·통신·모바일·게임..."
https://kr.indeed.com/viewjob?jk=cd40cf786e32f325,사내 및 서비스 보안 담당자 (경력),네오위즈 대한민국,,"GuardDuty, WAF, VPC Flow Logs 분석 등)이 있으신 분 - 각종 스크립트 언어(Perl, Python, shell script 등)의 활용 능력을 가진 분 - 모바일 게임 앱에 대한 보안 검수 경험이..."
https://kr.indeed.com/viewjob?jk=b7be58e7af38d186,Developer (개발자),Coinplug 경기도 성남,,"Azure 등 Cloud 환경에서 빌드, 배포, 모니터링 등의 경험이 있으신 분 서버 개발 [우대사항] Python / Node.js / Go / Java 중 한 가지 이상의 개발 언어에 익숙하신 분 Restful API..."
https://kr.indeed.com/viewjob?jk=7449dd28faebd96c,Support Engineer _ Developer Support,Microsoft 4.2 서울,,"Source Web technologies and developing with Linux, Apache, Java, Node, Python, PHP, or Ruby - Experience with Docker images..."
https://kr.indeed.com/viewjob?jk=c2b0d1e1ce62e14f,(주)에이쳐 인공지능(AI) 프로그래밍 교육 개발자,에이쳐 용인 처인구,"연봉 24,000,000원 - 32,000,000원",백엔드|인터넷·IT·통신·모바일·게임>웹프로그래머>프론트엔드|인터넷·IT·통신·모바일·게임>웹프로그래머> Python|인터넷·IT·통신·모바일·게임>응용프로그래머>인공지능(AI)|인터넷·IT·통신·모바일·게임>응용프로그래머...
https://kr.indeed.com/viewjob?jk=70fccff4d30cb6bf,NAVER IDC 서버 운영/관리(가산),NIT Service 서울 가산동,,"Web, WAS에 대한 지식과 System application 운영 경험 - Shell script, python 활용 가능 - 해외 데이터센터 인프라 구축 또는 운영 경험 - 국가보훈대상자 및 장애인은 법령에 의거 우대..."
https://kr.indeed.com/viewjob?jk=8cf4e4659595a3b6,[KSTEC] 통계/Analytics 경력사원,지식시스템 성남 분당구,,"개발 (SPSS, SAS, R, Python, Java 기반) 2. 기업용... 경력 3년 ~ 10년 [기술요구사항] 1. SPSS, SAS, R, Python, Java 등 데이터분석/AI개발 도구 사용 가능자 2. Java..."
https://kr.indeed.com/viewjob?jk=18f8b331aceb87db,Vision Engineer/UX engineer,플로이드(FLOYD inc.) 서울 금천구,"연봉 30,000,000원 - 48,000,000원","Android/Linux/Windows 기반 UX 개발 5. Advanced Experience - Python, QML, HTML5, CSS, JS 사용하여 개발 - Web UI 기반 UX 개발 지원 마감일..."
https://kr.indeed.com/viewjob?jk=f79232e664d98e45,IT컨설턴트 채용,한화그룹 4.2 서울,,"경험 (제조분야 우대) 컨설팅 역량 (기술전략, 기획 경력 포함) 분석 프로젝트 경험 (2년 이상, Python, R등 분석 툴을 활용한 분석 프로그램 개발 경험) 관리 역량 (PL or PM경험) 0명 서울 '1:1..."
https://kr.indeed.com/viewjob?jk=7df915e1f0f86b2d,Software Architecture 설계 엔지니어,딥엑스 성남 분당구,"연봉 40,000,000원 - 100,000,000원",경험 - Windows/Linux 상에서 C++/ Python 언어 사용 개발 경험 - C++ / Python 언어 사용 개발 경험 - 객체지향 설계에... 게임>빅데이터·AI(인공지능)> Python|인터넷·IT·통신·모바일·게임...
https://kr.indeed.com/viewjob?jk=7453bfdc26273cd9,Quantitative Researcher,자산운용: Quantitative Research 서울,"연봉 110,000,000원 - 140,000,000원","깊은 사고력, 창의력, 직업적 윤리의식, 끈기 있고 명석한 자가주도형 인재 프로그래밍 가능 (C++, Python 선호하나 필수는 아님) 글로벌 금융 시장에 대해 배우려는 강력한 의지 영어로 의사소통이 원활하신 분 (서면 및..."
https://kr.indeed.com/viewjob?jk=034b9e008ef26aea,Businss Analyst,eBay Inc. 3.9 서울,,proficiency with statistical analysis tools... SAS/R/ Python is a plus. · Effective team player and works well within...
https://kr.indeed.com/viewjob?jk=bf1fca00c4f999e3,[전문연구요원] AI R&D - Langauge AI,엔씨소프트 2.7 성남 판교역,,"기계번역을 잘 하기 위한 데이터와 관련된 연구 등을 진행합니다. 지원자격 학력 : 석사 이상 필수조건 - Python, C/C++ 등 한 가지 이상의 컴퓨터 프로그래밍 언어 활용 능력 - 머신러닝/딥러닝 기술에 대한 기본..."
https://kr.indeed.com/viewjob?jk=46975ee759c13b8a,데이터 사이언스 및 엔지니어링,NHN 4.4 성남 판교역,,"및 논리적 사고 - Java, Python, Scala 중 최소 1... 환경에서 머신 러닝 및 데이터 분석 관련 언어, 라이브러리( Python, R, SQL, tensorflow 등) 능숙한 활용 - 통계..."
https://kr.indeed.com/viewjob?jk=7c6f0b59291cedfb,빅데이터·AI기반 산업혁신인재 양성 및 고용,재단법인 부산정보산업진흥원 부산 해운대구,,모바일·게임>빅데이터·AI(인공지능)>인공지능(AI)|인터넷·IT·통신·모바일·게임>빅데이터·AI(인공지능)> Python|인터넷·IT·통신·모바일·게임>빅데이터·AI(인공지능)>머신러닝|인터넷·IT·통신·모바일·게임>빅데이터...
https://kr.indeed.com/viewjob?jk=27ea6faf6a8516fd,퀀트 개발자 (Quant Developer),ATZ Inc. 서울,"연봉 30,000,000원 - 40,000,000원",any... following languages. (C/C++/C#/ Python/Java/Node.js)* Experience with R... languages) C/C++/C#/ Python/Java R/Excel...
https://kr.indeed.com/viewjob?jk=06995d4800ce38f3,Field Application Engineer (FAE) – Korea...,LUCID Vision Labs 대한민국,,debugging technique (OpenCL... Python experience is a plus). In-depth knowledge... OpenCL... Python experience is a plus...
https://kr.indeed.com/viewjob?jk=8a15326f80e07c08,Customer Operations Engineering Manager,Success Korea 대한민국,,experience in C++ or Java and Python - Network monitoring and application... C++ or Java and Python - Network...
https://kr.indeed.com/viewjob?jk=06ffc4ebbe053ff5,Linux C / Python 서버개발자,이지스케이 서울 강남구,"연봉 25,000,000원 - 60,000,000원",스템 프로그래밍 개발 ㆍ인공지능 Python 개발 [근무시간 및 형태] 주... 전공자 ㆍLinux C 서버 개발 경험자 ㆍ인공지능 관련 업무 및 Python 경험자 ㆍ자연어 처리(NLP) 경험자 인터넷·IT·통신·모바일·게임...
https://kr.indeed.com/viewjob?jk=d83fc0dd2641f483,전문연구요원 (병역특례) 수시 (AI / SW 분야),딥엑스 성남 분당구,"연봉 40,000,000원 - 100,000,000원",요구 능력] - ASM/C/C++/ Python 언어 코딩 기술 - 운영체제... 경험 - Windows/Linux 상에서 C++/ Python 언어 사용 개발 경험 - C++ / Python 언어 사용 개발 경험 - 객체지향 설계에...
https://kr.indeed.com/viewjob?jk=9d9f5827c98272c9,테크빌더팀 웹어플리케이션 개발자 (백앤드/프론트앤드),Nexon 성남 분당구,,"주요업무 - 유저동향분석 시스템, 개발팀 지원 서비스 운영 및 개발 사용언어 및 라이브러리 - Python + Flask - JavaScript, React, Angular, JQuery - Elastic Search..."
https://kr.indeed.com/viewjob?jk=94f4ff49978459bc,Associate Solutions Architect,Amazon Web Services Korea LLC 서울,,"languages... Ruby, Python and Node... 현대 개발 언어에 대한 실무적 지식: 루비 (Ruby), 파이썬 ( Python), Node.js 등 · 개발자 및 IT 운영자 대상의 신기술 전파에..."
https://kr.indeed.com/viewjob?jk=7bf179a290a157b2,경험최적화파트 - 머신러닝 엔지니어,Nexon 성남 분당구,,모델 개발 - 머신러닝을 위한 솔루션 프로토타이핑 - 머신러닝 파이프라인 설계 및 구축 지원자격 - Python에 숙련된 프로그래밍 능력과 머신러닝 라이브러리 활용 경험 - 머신러닝과 강화학습에 관련된 지식 습득 혹은...
https://kr.indeed.com/viewjob?jk=9a818d9d91db847d,Data Analytics SA,Amazon Web Services Korea LLC 서울,,"some relevant languages, tools and frameworks (e.g python, Java, R, scala, spark, Kafka, Hadoop ecosystem, presto, Hive..."
https://kr.indeed.com/viewjob?jk=8df5412c2beb197f,소프트웨어 부문,맥시멈코퍼레이션 경상남도 진주,,"인원 [담당업무] ㆍ업무:위그선 관제프로그램 개발 [C/C++ 개발필수, QT framework 개발우대, Python 개발우대] [자격요건] 경력사항: 신입, 경력(연차무관) 학력사항: 학력무관 직무기술: C/C++ 0 명..."
https://kr.indeed.com/viewjob?jk=cd2ef993ee5c8d3f,지스트 블록체인인터넷경제연구센터 계약직(연구원),광주과학기술원 광주 북구,,록체인 개발 블록체인 하드포크 1) 4년제 대학 이상 졸업자 2) SW프로그래밍 제작 경험자 3) Python/C/Java/Go 프로그래밍 가능자 4) 팀장급은 개발 경험 10년 이상인 자 연구직 1명 우대사...
https://kr.indeed.com/viewjob?jk=cb32ed51c4e0c7ad,DGIST 동반진단의료기술융합연구실 계약직 연구원 공개 초빙 공고,대구경북과학기술원 대구 현풍면,,"경험자 Matlab 또는 Python 활용 능력 우수자 C/C++... Java, Visual Basic, Python 등) 공학용 프로그래밍 활용 가능자(Matlab, Python 등) 자동차 관련 실험 연구..."
https://kr.indeed.com/viewjob?jk=cd5ca556791f1f79,[브랜디] 경영본부/사업본부/개발직군 신입 및 경력,브랜디 서울 강남구,,"수 있는 분 - SQL, R, Python 등 데이터 관련 언어 사용이... 형상관리에 대한 이해 - (경력) 웹 서비스 개발 경험 - (경력) Python 유경험자 - (경력) AWS, Azure 등 클라우드 환경 프로젝트..."
https://kr.indeed.com/viewjob?jk=20d40ee61adffeca,챗봇 플랫폼 개발자 모집,카카오 4.0 성남 판교역,,"서비스에 대한 두려움이 없으신 분 서버 개발 Java, Scala, Kotlin 등의 JVM 기반 언어 및 Python을 이용해서 실서비스 개발 및 운영해보신 분 데이터 엔지니어 Kafka, Elasticsearch..."
https://kr.indeed.com/viewjob?jk=01d70f598a410bbe,[웹젠] 보안솔루션 운영(경력),웹젠 성남 분당구,,추진 경험 보유한 분 - 침해사고 및 악성코드 분석 능력을 보유한 분 - Python/Java 등 개발 능력 보유자 - 보안 유관 자격증 보유한 분... 코드 분석 능력을 보유한 분 - Python/Java 등 개발 능력 보유자...
https://kr.indeed.com/viewjob?jk=c52f854a9841881c,개인화메시징,Nexon 성남 분당구,,"성장해나갈 분을 찾고 있습니다. 지원자격 - 논리적, 분석적 사고력 - 실험 설계, 통계학 지식 - Python, SQL, Spark 등을 사용한 데이터 전처리, 분석 경험 우대사항 - 다양한 장르의 게임을 깊이 있게..."
https://kr.indeed.com/viewjob?jk=481f953ccaa4bc96,AI 연구/개발 직군 모집,넷마블 서울 구로구,,"ML 관련 분야 경력 6년 이상 - Cloud 서비스 활용 경험 - Python, C/C++, SQL 사용 가능 - Tensorflow 또는 상응하는... 웹 서비스 구축 등 자격요건 - Python 에 능숙하고 C/C++ 혹은..."
https://kr.indeed.com/viewjob?jk=0feb2770202a5be1,(주)넷타겟 연구원 (웹프론트엔드 개발자),넷타겟 대전 유성구,,"bash, python, 등)으로 기존에 작성된 다양한 과학계산 코드들을 웹서비스의 형태로 구현하기 - 과학계산 Software API( Python... Django framework( Python) 에 대한 이해 - 새로운 기술..."
https://kr.indeed.com/viewjob?jk=e26f899b8accca1a,Datacenter Engineer (강원도 춘천 근무),Oracle 3.8 서울,,"Base Operating System Install • Some experience with Perl, Python, Bash or Java • Core OS Services: ssh, telnet, ftp, nfs..."
https://kr.indeed.com/viewjob?jk=9ab2041ab3380a21,카카오톡 안티어뷰징을 위한 데이터/백엔드 엔지니어 및 머신러닝 전문가 모...,카카오 4.0 성남 판교역,,"Engineer, Data Scientist 해당 분야에서 활용되는 언어 및 도구를 능숙하게 다룰 수 있는 분( Python, Scala, PyMC, PySpark, Tensorflow 등) 우대 사항 컨테이너 환경에서의..."
https://kr.indeed.com/viewjob?jk=8bcc7807085700a7,클라우드 엔지니어 (),NHN SOFT 4.4 성남 판교역,,"Linux, Windows Server 트러블 슈팅 숙련자 - 2년 이상의 개발 경험자(PHP, Python 등) 본 채용은 상시 채용으로 면접이 수시로 진행되며, 先지원자에게 기회가 먼저 부여되므로 빠른 지원 바랍니다..."
https://kr.indeed.com/viewjob?jk=c74c99c413a34fae,"Database Consultant, South Korea",EDB 경기도,,"scripting languages like BASH, KSH, Python, Perl etc.. Working knowledge of MS... like C, C++, PHP, python, Java or Ruby..."
https://kr.indeed.com/viewjob?jk=cae2de07045cfb2b,"Java, Python 영상툴 개발자",에이아이메이커 서울 마곡동,,원하면 가능) 담당업무 - 영상 라벨링 Tool 개발 - Tool 정확성 개선 자격요건 - Java - Python 우대사항 - 관련 개발 경력 - 툴개발 경력 근무조건 - 월~금 AM9:30 ~ PM18:30 복지...
https://kr.indeed.com/viewjob?jk=6b86ea39985912b6,TOAST Cloud 사업기획/영업,NHN 4.4 성남 판교역,,"Linux, Microsoft Solutions 등) - 2년 이상의 개발 경험 (Java, Python 등) - 기술 문서 작성 및 가이드 경험이 풍부한 자 - 대외 고객 기술 지원 경험 공통지원자격..."
https://kr.indeed.com/viewjob?jk=116009dbf59211ed,퍼즐데이터 역량있는 데이터 분석가,주식회사퍼즐데이터 서울 역삼동,,"데이터 마이닝 및 통계분석에 대한 전반적인 이해 3. 관련분야(산업공학, 통계 등) 전공 4. R or Python 사용 능력 * 이런 분은 더욱 좋아요. 1. 프로세스 마이닝 지식 보유자 2. 관련분야 대학원 전공 3..."
https://kr.indeed.com/viewjob?jk=37e763ffd2d40ec9,"여러분들이 찾던 회사, 링크캠퍼스 함께 키워나갈 웹 개발 팀원",링크캠퍼스 광주 동구,"연봉 21,870,000원 - 25,000,000원","직무기술: 웹프로그래밍, 앱, 무선인터넷, 웹서비스, JAVASCRIPT, 웹기획, 스마트폰, IOS, PYTHON 기타: 지원대상 : 웹 또는 앱 개발가능(관심)자 우대사항 : 관련전공(자격증보유)자, AI(인공지능)관심자..."
https://kr.indeed.com/viewjob?jk=210243e0776dc26f,Data Engineer(신입),PUBG 서울,,"해외 여행에 결격사유가 없고, 한국어 의사소통이 원활하신 분 - 서초 Office 출근이 가능하신 분 - python으로 프로그래밍이 가능하신 분 [우대 사항] - 퍼블릭 클라우드 서비스에서 개발하고 운영 하는 것에 관심..."
https://kr.indeed.com/viewjob?jk=85929aac498299cc,데이터 사이언스 전문가 및 머신러닝 전문가 모집,카카오 4.0 성남 판교역,,명시해 주시기 바랍니다. 지원자격 개발 경력 2년 이상 머신 러닝/데이터 사이언스를 위한 언어(R/ Python/Scala) 및 도구(scikit-learn/Spark MLlib/Tensorflow/Pytorch 등)를...
https://kr.indeed.com/viewjob?jk=3d5f8e364a71247e,Software Engineer (Back-end),Streami 서울,"연봉 35,000,000원 - 80,000,000원","Experience in JavaScript, Python or Java... one of: Modern Javascript, Java, Python * Experience building and maintaining..."
https://kr.indeed.com/viewjob?jk=2e5062f00e1dcdaa,BI기획팀 BI기획 담당자,게임빌 서울 금천구,,민하는 것부터 시작해야 합니다. 4. Google Bigquery와 Python 또는 R을 사용해 다양한 데이터 분석 및 모델링을 시도해 볼 수 있습... 게임>빅데이터·AI(인공지능)> Python|인터넷·IT·통신·모바일·게임...
https://kr.indeed.com/viewjob?jk=cc655f01166e576d,[연말인기과정] 자바·파이썬 개발자 양성 참여자 / 4차산업유망분야·취업...,한국직업전문학교 서울 구로구,,로젝트 제작 12월 9일 파이썬( Python)활용 디지털컨버전스 SW개발자... 웹프로그래머> Python|인터넷·IT·통신·모바일·게임>웹프로그래머>웹개발|인터넷·IT·통신·모바일·게임>빅데이터·AI(인공지능)> Python|인터넷...
https://kr.indeed.com/viewjob?jk=6bfec9fa5d0c15f5,1분기 개발자 (신입/경력),이스트게임즈 서울 서초구,,"C/C++, C#, Swift, Objective C, Kotlin, Java, JavaScript, Python, Go. - 새로운 프로그래밍 언어를 습득하는데 어려움이 없거나 혹은 흥미를 갖고 있는 분 - Windows..."
https://kr.indeed.com/viewjob?jk=18f8b331aceb87db,Vision Engineer/UX engineer,플로이드(FLOYD inc.) 서울 금천구,"연봉 30,000,000원 - 48,000,000원","Android/Linux/Windows 기반 UX 개발 5. Advanced Experience - Python, QML, HTML5, CSS, JS 사용하여 개발 - Web UI 기반 UX 개발 지원 마감일..."
https://kr.indeed.com/viewjob?jk=f37867a88401d21f,[TmaxBI/기술] 빅데이터 플랫폼 QA,티맥스소프트 성남 분당구,,"갖춘자 - ERP/CRM 역량 보유자 - 데이터분석/모델링 역량 보유자 우대사항 - 보유기술: Java, python, RDB, NoSQL, OS(linux), Selenium, docker, Kubernetis - 자격사항..."
https://kr.indeed.com/viewjob?jk=8af26b37623864c4,8퍼센트 개발자 (신입/경력),8퍼센트 서울 종로구,,개발 금융 데이터 분석과 분석 플랫폼 운영 자격요건 컴퓨터 전공자 또는 웹 개발 경력 1년 이상 우대사항 Python 코드를 무리 없이 읽으실 수 있는 분 Linux/Mac 사용 가능한 분 새로운 기술에 대한 호기심을 가지신...
https://kr.indeed.com/viewjob?jk=3e5e543413aac231,"AI/Data Scientist, 데이터분석 모델링 전문인력 (차장급-대...",코어포인트 성남 분당구,,"년 · - 필수조건 o DB 성능까지 고려한 SQL 프로그래밍 가능자 Python을 이용한 데이터 분석 3년 이상 경력자 (SAS, SPSS 등 통계... 게임>빅데이터·AI(인공지능)> Python|인터넷·IT·통신·모바일·게임..."
https://kr.indeed.com/viewjob?jk=32cd3d2361bac5df,자연어처러(NLP) 리서처/개발자,주식회사 바운티팜 서울 서초구,"연봉 50,000,000원 - 60,000,000원",관련 논문을 읽고 이를 실제로 구현한 경험이 있으신 분 ㆍ기계학습 모델의 실제 서비스 경험이 있으신 분 ㆍ Python에 능숙하신 분 담당업무ㆍ네고시에이션을 구현할 AI서비스 개발 ㆍ식자재 업계관련 Taxonomy 구축 ㆍ키워...
https://kr.indeed.com/viewjob?jk=692a9a4e6a42c7d6,패시브솔루션본부 퀀트운용팀 경력직,엔에이치아문디자산운용 대한민국,,"통계, 산업공학, 금융공학 등 관련 학과 전공자 우대 - 프로그래밍 능력 (VBA, MS SQL, R, Python) 우대 - 영어 능력 우수자 우대 * 공통 우대사항 - 보훈대상자, 장애인 등 취업보호 대상자 3. 전형방..."
https://kr.indeed.com/viewjob?jk=d017610d9828199c,"드론 데이터 스타트업, 엔젤스윙 엔지니어",엔젤스윙 서울 관악구,,"Ruby on Rails, Python, C++, AWS AWS, GCP... 기반 웹서비스 개발 경험 디버깅, 최적화 스킬 Javascript, Python, C++ 등 개발언어 중 자신있는 언어가 1가지 이상 있으신 분..."
https://kr.indeed.com/viewjob?jk=5a299cf580491445,게임 데이터 분석가,쿡앱스 성남 분당구,,"데이터를 기반으로 한 커뮤니케이션 능력을 갖추신 분 수리적 직관 및 통찰력을 가지고 계신 분 우대사항 R, Python,Scala,SQL등의 툴을 이용한 데이터 분석 업무경험이 있으신 분 데이터 마이닝 및 머신러닝 관련 지식을..."
https://kr.indeed.com/viewjob?jk=9522dfa9894d00a9,[ESTsecurity] 악성코드 분석 담당자 (신입),이스트시큐리티 서울 서초구,,"이트 자격요건 - 리버스 엔지니어링이 가능하신 분 우대사항 - Java/Javascript, C/C++, Python 중 하나 이상의 언어 사용이 가능하신 분 - 모바일 OS의 구조와 원리에 대한 지식을 보유하신 분 - 모바..."
https://kr.indeed.com/viewjob?jk=ce3e13c2bc8da256,[취업연계교육]전액무료 IT교육받고 취업하자,휴먼교육센터 청주 흥덕구,,UI 개발자 데이터베이스 개발자 AI활용 소프트웨어 개발자 JAVA& Python개발자 접수방법 및 접수기간 접수기간 : 2021년 01월 20일까지... 게임>빅데이터·AI(인공지능)> Python|인터넷·IT·통신·모바일·게임...
https://kr.indeed.com/viewjob?jk=6a399a2c059ebbb1,Senior Solutions Engineer,Confluent 서울,,Computer Science or relevant experience Proficiency in Java or Python with experience developing ETL applications What gives...
https://kr.indeed.com/viewjob?jk=a2b8aae664300392,신한AI 인공지능(AI) 인력,신한에이아이 서울 영등포구,,"련전공 : 인공지능 / 수학 / 산업공학 / 컴퓨터공학 / 통계 관련 [우대사항] - 프로그래밍 숙련자 ( python 外 C++, Java 등) - 금융데이터 또는 시계열 데이터 기반 인공지능 모델 구축 및 운영경험 - 강화..."
https://kr.indeed.com/viewjob?jk=ed3cb0c04f6d8345,DATA ENGINEER,Cobblestone Energy 서울,,Data Engineer. 5+ years of work experience in Java and Python. Strong knowledge in Kafka/ Kinesis/ Redshift/ Spark is a big...
https://kr.indeed.com/viewjob?jk=4e91309fc89e9534,2020년 하반기 영업/기획/마케팅/개발 부문,아우토크립트 서울 영등포구,,통신·모바일·게임>응용프로그래머> Python|인터넷·IT·통신·모바일·게임... 프로그래머> Python|인터넷·IT·통신·모바일·게임>웹프로그래머>JAVA|인터넷·IT·통신·모바일·게임>빅데이터·AI(인공지능)> Python|인터넷...
https://kr.indeed.com/viewjob?jk=18ed6f92a291d134,Sr. Manager for Logistics digital transf...,Thermo Fisher Scientific 3.5 서울,,"Excel (VBA, power pivots) skills - Experience in R studio, Python, data modeling, and hypothesis testing is a plus - Must..."
https://kr.indeed.com/viewjob?jk=9a0695002b7ffb96,[청년디지털일자리] 파이썬(Excel 활용) 업무 전자 부품 등록/관리,성호전자 서울 금천구,,대학 마지막 학기 졸업예정자이면서(고교생은 교육과정 종료시) 바로 근무 가능한 경우는 가능) 인터넷·IT·통신·모바일·게임>빅데이터·AI(인공지능)> Python|인터넷·IT·통신·모바일·게임>전산·IT기술지원>IT기술지원
https://kr.indeed.com/viewjob?jk=f8462e0db907168f,머신러닝 플랫폼 및 (NC 유니버스 등) 서비스 개발자 모집,엔씨소프트 2.7 성남 판교역,,"Node - Machine Learning, TensorFlow, PyTorch, CUDA - Go, Python, JavaScript, C++, Rust - Linux, macOS ㅁ 관련 프로젝트 - NC 유니버스..."
https://kr.indeed.com/viewjob?jk=1042787aa4b5c20d,Software Technical Consulting Engineer I...,Intel 4.1 서울,,"without requiring sponsorship. - Familiar with C or C+, Python, Embedded System, Code Optimization in CPU and GPU. - Strong..."
https://kr.indeed.com/viewjob?jk=01fa1472f02812db,(주)에이쳐 인공지능(AI) 프로그래밍 교육 커리큘럼 기획 및 컨텐츠 개...,에이쳐 용인 처인구,"연봉 24,000,000원 - 32,000,000원",학사 이상 ⓑ 교육 컨텐츠 제작 경험 또는 전문적 강사로서의 경험 ⓒ 인공지능 관련 기술에 대한 경험 ⓓ Python / Tensorflow / C / C++ / HTML5 / CSS / Java / Javascript 등...
https://kr.indeed.com/viewjob?jk=aac8e9355cb855ac,[인재풀] 아티스트,Electronic Arts 서울,,Maya or 3D Max등의 아트웍 툴 사용 경험 Max script 또는 Mel Script의 사용 경험 C# 또는 Python 언어에 대한 이해 및 활용 능력 아트웍 관련 툴 제작 또는 플러그인 제작 경험
https://kr.indeed.com/viewjob?jk=233bbfd9781e846d,"Engr, Tech Supp 3",KLA-Tencor 대한민국,,background Excel macro/code development for log analysis Python Database development for production Open to NCG (New College...
https://kr.indeed.com/viewjob?jk=010d38b18b07b6bb,데이터 분야 경력,LG CNS 3.7 서울,,"해가 뛰어난 자 - R, Python, SAS, SQL 등 활용 역량 우대사항(해당 내용 중 1개 이상) - ML/DL 경험 인력 우대 - 관련 분야 석사 이상 학위 소지자 우대 - R, Python등 데이터분석 모델링 경험..."
https://kr.indeed.com/viewjob?jk=7e4a30dc8d2bc1cf,2020 Customs & Foreign Trade Specialist,비테스코테크놀로지스코리아 경기도 이천,,"analytics skills are preferred (KNIME, Power BI, R or Python 능력 우대) - Good command in English (영어 커뮤니케이션 가능자... limitation..."
https://kr.indeed.com/viewjob?jk=03452de7c4b35855,[전문연구요원] 빅데이터 엔지니어(신입/경력),웹젠 성남 분당구,,통합 과정 수료자 포함)로서 전문연구요원 신규편입/전직 대상자 - Python 또는 C# 프로그래밍 능력 - Linux 환경에서 개발 및 운영 능력... 문연구요원 신규편입/전직 대상자 - Python 또는 C# 프로그래밍 능력...
https://kr.indeed.com/viewjob?jk=fb3395b4ba6b4f61,SW Engineer for R&D Extension Korea,Applied Materials Inc. 경기도 화성,,"engineer with C, C++, C#, Java, MATLAB, SQL data base, Python, Excel Macro, etc. c. Experience in multidisciplinary..."
https://kr.indeed.com/viewjob?jk=c4df94a9f15d671b,Internship Opportunity with Green Growth...,Global Green Growth Institute 대한민국,,models. Experience in applying programming software... R and Python is preferred. Excellent English communication skills...
https://kr.indeed.com/viewjob?jk=b2661d357cf26c8f,플랫폼쉴드 시스템 개발,Nexon 성남 분당구,,"IP, 평판 등의 정보) 지원자격 - 전체 개발 경력 3~5년 - Python, Go 개발경력 우대(팀 내부 주 개발 언어가 Go, Python) - 비동기, 병렬처리 프로그래밍 기술 - OS, DB, H/W, 네트워..."
https://kr.indeed.com/viewjob?jk=ab38178e6071aa0f,"Engr, Apps Dev 2",KLA-Tencor 대한민국,,"working effectively with different cultures. Matlab/ Python experience is a plus. We offer a competitive, family friendly..."
https://kr.indeed.com/viewjob?jk=8d8390811c1cd670,2021년 수시 R&D센터 (1월31일 마감),에스에프에이 경기도 화성,,JAVA|인터넷·IT·통신·모바일·게임>응용프로그래머> Python|인터넷·IT·통신·모바일·게임>웹프로그래머>JAVA|인터넷·IT·통신·모바일·게임>웹프로그래머> Python|인터넷·IT·통신·모바일·게임>빅데이터·AI(인공지...
https://kr.indeed.com/viewjob?jk=b5b88516a299bbb2,(주)신세계아이앤씨 경력사원 상시,신세계아이앤씨 서울 중구,,"0명 공통사항 -. 자동화 Tool에 대한 이해 보유자 -. JAVA, C, JavaScript, Python, HTML, JSP 등 프로그래밍 언어 개발 경험자... Process 및 Process Mangement에..."
https://kr.indeed.com/viewjob?jk=ed956a819995ea40,신규서비스 프로덕션 - Python django 웹 개발자,후씨 서울 서초구,,"경력 학력 학력무관 성별 무관 기타 담당업무 신규서비스 프로덕션 - Python django 웹 개발자 커리어 양식 지원 상세모집요강 접수기간... 직종) 웹프로그래머웹프로그래머, Python 응용프로그래머전산전공 산업별..."
https://kr.indeed.com/viewjob?jk=39e99c8ed1d40a8f,2021 토스 전 계열사 대규모,비바리퍼블리카 서울 강남구,,게임>빅데이터·AI(인공지능)> Python|인터넷·IT·통신·모바일·게임... 용프로그래머>Linux|인터넷·IT·통신·모바일·게임>응용프로그래머> Python|인터넷·IT·통신·모바일·게임>응용프로그래머>iOS|인터넷·IT·통신...
https://kr.indeed.com/viewjob?jk=55584c627df1acaa,데이터 분석가/사이언티스트(신입/인턴 가능),쏘카 대한민국,,"Sheet) 등 데이터 분석 도구를 원활히 다루시거나, 앞으로 원활히 다루고자 하는 의지가 높으신 분 • Python, R 등의 프로그래밍 언어 혹은 데이터 분석 언어를 1개 이상 능숙하게 사용 가능하신 분 전형절차 서류..."
https://kr.indeed.com/viewjob?jk=ce6747e77c861c46,Data Scientist,Boston Consulting Group 4.2 서울,,"analysis a plus, Programming... scripting exp.: eg. Python, C#, VBA, Java, Perl, etc. Experience in applied analytics..."
https://kr.indeed.com/viewjob?jk=2372de2fcdcdd088,[기술기획] 클라우드 플랫폼 개발자,한국카카오은행 성남 분당구,,"2년 이상인 분 · Infrastructure as Code를 이해하고 구현할 수 있는 분 · Golang, Python, Java 중 하나 이상의 언어에 능숙한 분 우대사항 · 서비스를 설계 단계부터 참여해서 오픈한 경험이..."
https://kr.indeed.com/viewjob?jk=9acc17c535b42959,2021년 (신입) 전문연구요원 모집,NHN 4.4 성남 판교역,,"연구 및 개발 경험 - Python/C++/Java/C# 개발 경험... 머신러닝/딥러닝/음성인식/ 음성합성 연구 및 개발 경험 - Python/C++/Java/C# 개발 경험 - 전기전자, 정보통신, 컴퓨터 관련..."
https://kr.indeed.com/viewjob?jk=0f7993638aee82bd,Machine Learning Researcher (Intern),Qualcomm Korea YH 서울,,"Adversarial attacks, examples Minimum Qualifications • Python Programming • Deep learning with hands-on experience of deep..."
https://kr.indeed.com/viewjob?jk=5d5679fc921aba56,SPD Application Engineer,Applied Materials Inc. 대한민국,,"trainer. 7. Direct experience of algorithm writing (e.g., R, Python... plus. 8. Travel to international locations at ~25..."
https://kr.indeed.com/viewjob?jk=8eaca3d4cbc13fe1,[빅데이터플랫폼] 데이터 플랫폼 운영자,한국카카오은행 성남 분당구,,"실무 경험이 있는 분 · 클라우드 및 가상화(Docker, Kubernetes) 사용 경험이 있는 분 · Python, Shell Script 로 개발 경험이 있는 분 [공통 우대 사항] · 국가유공자 및 장애인 등 취업보호..."
https://kr.indeed.com/viewjob?jk=c0c6a53781018daf,Native Korean Speaking Software QA Test Engineer,TikTok 서울 종로3가역 • 원격 근무,"월급 4,000,000원 - 6,000,000원","Education, Technical Skills / Knowledge) * Experience on Python, Shell * Experience in test tools/framework... Charles..."
https://kr.indeed.com/viewjob?jk=9fe4755841bec8ce,"데이터 분석 및 컨설팅 분야 (Python, SAS, 빅데이터) 경력직",한국정보기술단 과천 과천시,,"데이터 분석 및 컨설팅 분야 ( Python, SAS, 빅데이터) 경력직... 대졸 이상 (학사 이상 우대) - 데이터 분석 분야 경력 2년 이상 ( Python, R, SAS 기반의 DATA Preparation, 통계, 머신러..."
https://kr.indeed.com/viewjob?jk=a4ade495ab488c6f,사물인터넷(IoT) 개발자 (하드웨어 및 소프트웨어),큐빅스 경기도 파주,,통신·모바일·게임>시스템프로그래머>임베디드(Embedded)|인터넷·IT·통신·모바일·게임>응용프로그래머> Python|인터넷·IT·통신·모바일·게임>응용프로그래머>JAVA|인터넷·IT·통신·모바일·게임>응용프로그래머>자바스크...
https://kr.indeed.com/viewjob?jk=19165cafa2870f93,2021년 수시 R&D 머신러닝(응용소프트웨어 개발) (1월31일 마감),에스에프에이 경기도 화성,,모바일·게임>응용프로그래머>자바스크립트|인터넷·IT·통신·모바일·게임>응용프로그래머> Python|인터넷·IT·통신·모바일·게임>HTML·퍼블리싱·UI개발>자바스크립트|인터넷·IT·통신·모바일·게임>웹프로그래머> Python
https://kr.indeed.com/viewjob?jk=4f319862856fe9c1,"Software Engineer, Machine Learning",Google 4.3 서울,,Machine Learning or AI. Programming experience in C++ and Python. Preferred qualifications: PhD or equivalent experience...
https://kr.indeed.com/viewjob?jk=092d062a6faa7139,데이터 분석가 모집,카카오 4.0 성남 판교역,,"이터 분석 지원자격 데이터 분석 업무를 수행할 수 있는 하나 이상의 언어 스킬 필수 (예. SQL, Python, R 등) 데이터 기반 프로젝트 경험이 있으신 분 (예: 통계 분석 프로젝트) 어떤 일이라도 중요하게 여기..."
https://kr.indeed.com/viewjob?jk=dd36a76453d2f81f,[빅데이터플랫폼] 데이터 엔지니어,한국카카오은행 성남 분당구,,"Kafka, Flink 등을 사용한 대용량 데이터 처리에 능숙한 분 · Java, Kotlin, Python 중 하나 이상의 언어에 익숙한 분 · 총 경력이 3년 이상인 분 우대사항 · Hadoop EcoSystem 기반의..."
https://kr.indeed.com/viewjob?jk=74b3d3c938870be2,Data Scientist,Motion2AI 서울,,"thinking to define unstructured problems - Experience with Python (pandas, numpy), R, SQL... VBA to deal... large..."
https://kr.indeed.com/viewjob?jk=3330430ae94277db,[타다]데이터 분석가/사이언티스트,쏘카 대한민국,,"통계에 대한 지식 및 머신러닝에 대한 지식을 보유하고 있으며, 데이터 분석 실무 경험이 풍부하신 분 • R, Python(Pandas, Numpy, Scikit-learn) 등의 데이터 분석을 위한 언어를 1개 이상 능숙하게..."
https://kr.indeed.com/viewjob?jk=e934bb33ef71dacb,[EY한영] 금융감사본부 Data Analytics 전문 경력직 모집,Ernst & Young 4.0 대한민국,,총계정원장조정 경험자 - Python/R 등 프로그램 언어 활용 능력... PowerBI... Tableau Experience with Python/ R or other programming languages...
https://kr.indeed.com/viewjob?jk=d1e75364ef505c68,"데이터 가치를 함께 발굴하실 머신러닝, 통계 모델링 전문가 모집",카카오 4.0 성남 판교역,,해당 기술에 자신감이 있으신 분도 환영합니다. 지원자격 머신 러닝/통계 등 모델링에 활용하는 언어( Python/Scala/R 등) 및 도구(Tensor flow/Pytorch 등)를 하나 이상 능숙하게 다룰 수 있으신...
https://kr.indeed.com/viewjob?jk=14b591547a3b9df5,[전문연구요원] 상시 (전직),네이버랩스 경기도,,"Tool Engineer ㅇ Python/C/C++ 언어 개발 용이 ㅇ... Design, Debugging Skills ㅇ스크립트 언어 개발 경험 ( Python, Bash, etc.) ㅇ Embedded Platform과..."
https://kr.indeed.com/viewjob?jk=52f8fb3f7e662c5d,[카카오커머스] 기술직군,카카오커머스 성남 분당구,,"Keras, Pytorch 등) - Python을 활용한 머신러닝/딥러닝... 이상 사용 경험이 있으신 분 - 프로그램 개발(Java, Scala, Python 등) 중급 이상 기술 보유하신 분 - 대용량 데이터에 대한 실시간..."
https://kr.indeed.com/viewjob?jk=0cfd614dbcdb6e6c,[진행중]우리은행 빅데이터사업부 전문직(데이터 분석가(ML/DL)) 채용...,우리은행 4.5 서울 회현동,,ML/DL 기술을 활용한 분석모델 개발 및 서비스를 적용해 본 경험이 있는자 - 데이터 분석을 위한 언어( Python/R)를 하나 이상 능숙하게 다룰 수 있는자 우대사항 - 금융분야 ML/DL 관련 업무 경력 2년...
https://kr.indeed.com/viewjob?jk=07375dc4e800dfa9,추천 시스템 소프트웨어 엔지니어,카카오 4.0 성남 판교역,,"관련 업무 경험자 우대사항 운영체제, 네트워크, 컴파일러, 데이터베이스에 대한 이해가 깊으신 분 Python, C++, GPU 프로그래밍 숙련자 대용량/실시간 서비스 개발/운영 경험이 많으신 분 ICPC/TopCoder..."
https://kr.indeed.com/viewjob?jk=4adac8923476d038,프랭클린템플턴투신운용 Junior Trader (Quant base 필수...,프랭클린템플턴투신 대한민국,,"object-oriented programming and intermediate programming proficiency in Python, R or MATLAB, and SQL are essential. Licenses..."
https://kr.indeed.com/viewjob?jk=a0dda478567db352,"(주)트윔 개발자(경력직) 빅데이터,영상처리,머신비전/AI 딥러닝",트윔 경기도 화성,,"자기주도적으로 진행한 경험 - Python/C/C++ 능통자 - 데이터... RNN 등 딥러닝 이론 및 알고리즘 유경험자 - C/C++, Java, Python/TensorFlow/Caffe 사용가능자 - Matlab/R 분석..."
https://kr.indeed.com/viewjob?jk=810816c790317a08,보안,NHN 4.4 성남 판교역,,"등 개발 경력 3년 이상 - frida, ida, gdb 활용 가능 - Objective-C / Python Script 언어 개발 경험자 - 모바일 보안 솔루션 개발 경력 - Binary 난독화 / 암호화..."
https://kr.indeed.com/viewjob?jk=4bd70fb8a220d90d,[Janssen] Data Scientist,Johnson & Johnson Family of Companies 4.2 서울,,"Expertise in one or more programming languages... R, Python or SAS. 7. Knowledge of relational database architecture..."
https://kr.indeed.com/viewjob?jk=eeb9fe1c361f0758,정보보안 담당자,Nexon 성남 분당구,,보안 이벤트 분석 또는 상관관계 이벤트 분석 능력 보유 - OS 및 네트워크 관련 기초 지식 보유 - python 등의 간단한 스크립트 작성 능력보유 - 타인과의 원활한 커뮤니케이션 자세 - 새로운 기술에 대한 적극적...
https://kr.indeed.com/viewjob?jk=18f62dc644a89e0c,2021 Global Data Internship - Seoul (Kor...,Bloomberg 서울,,"work experience using one or more programming language (e.g. Python, JavaScript, SQL, etc.) Prior coursework or involvement..."
https://kr.indeed.com/viewjob?jk=7cb5c3076d1701db,"Field Applications Engineer, Audio",Dolby 서울,,"High level or detailed knowledge of SOC design. C/C++, python coding skills. Knowledge of music, audio/video production..."
https://kr.indeed.com/viewjob?jk=25a21ebfa5410f05,eBeam System Engineer for R&D Extension...,Applied Materials Inc. 경기도 화성,,"Capability & programing experience with MATLAB, Python, etc. Qualifications Education: Master's Degree Skills..."
https://kr.indeed.com/viewjob?jk=c8bf4fa58999927f,AI 분야 경력,LG CNS 3.7 서울특별시,,"이상 (AI 관련 논문 발표) ② AI/딥러닝 알고리즘 연구개발 프로젝트 경험 ③ Ubuntu Linux, Python, Tensorflow, PyTorch 사용 중상급 이상 우대사항(해당 내용 중 1개 이상) ① AI/머신..."
https://kr.indeed.com/viewjob?jk=9a9e91ae6092ed2d,Developers,Coinplug 경기도 성남,,"development and operation Experience using Java / Node.js / Go / Python, etc. Ability to utilize Databases including RDB..."
https://kr.indeed.com/viewjob?jk=7e5d96b07d5edef0,머신러닝/딥러닝 연구 개발,NHN 4.4 성남 판교역,,"또는 개발 경력 2년 이상 - Python/C++/Java/C# 개발... 하기 위한 끊임 없는 열정과 호기심을 지닌 분 - C/C++, Python 등 개발 숙련자 [음성처리개발] Job Description 자격..."
https://kr.indeed.com/viewjob?jk=4cd34228af5013fd,DGIST 2019년 제1차 계약직원 공개채용 공고,대구경북과학기술원 대구 현풍면,,"우수자(SPSS, R 등 통계패키지) 외국어(영어) 구사 능력 우수자 Programming(MATLAB, Python, C/C++ 등) 가능자 · 근무기간 : 2019.3.11.~2020.3.10. ※ 단, 재계약 평가에..."
https://kr.indeed.com/viewjob?jk=ddd34e24c9a87d20,Counter Intelligence and HUMINT Operatio...,Booz Allen Hamilton 경기도 평택,,SharePoint... creating mathematical models and coding in R and Python Knowledge... US Army's organizational structure...
https://kr.indeed.com/viewjob?jk=4665562997b87ff0,글로벌 소셜카지노 부문 사업PM,네오위즈 대한민국,,슬롯/블랙잭 등의 카지노 게임에 대한 이해도가 있으신 분 2. SQL 사용이 익숙하신 분 3. 엑셀/R/ Python을 활용해 통계 분석이 가능하신 분 4. 영어 활용 능력이 높으신 분 * 면접 일정 안내는 서류 합격...
https://kr.indeed.com/viewjob?jk=69ab0f58743cb713,21년 전문연구요원 (AI엔지니어),Nexon 성남 분당구,,"대상자 - 병역의무가 없거나 면제된 분, 병역의 의무를 마치신 분은 본 공고의 대상에서 제외됨 - Python에 숙련된 프로그래밍 능력과 머신러닝 라이브러리 활용 경험 - 머신러닝과 강화학습에 관련된 지식 습득 혹은..."
https://kr.indeed.com/viewjob?jk=2b7e1a373af1d5ab,빅데이터인공지능학과 석사과정 / 등록금 2년 전액무료 · 연구활동비 지급...,남서울대학교 천안 서북구,,게임>빅데이터·AI(인공지능)> Python|인터넷·IT·통신·모바일·게임... 로그래머>인공지능(AI)|인터넷·IT·통신·모바일·게임>응용프로그래머> Python|인터넷·IT·통신·모바일·게임>응용프로그래머>머신러닝(ML)|인터넷...
